"fnavn_k","fnavn_m","enavn","vej","by"
"Anne","Peter","Nielsen","Lærkevej","Hovedstadsområdet"
"Kirsten","Michael","Jensen","Vinkelvej","Aarhus"
"Mette","Jens","Hansen","Østergade","Odense"
"Hanne","Lars","Andersen","Engvej","Aalborg"
"Helle","Thomas","Pedersen","Vestergade","Esbjerg"
"Anna","Henrik","Christensen","Kirkevej","Randers"
"Susanne","Søren","Larsen","Industrivej","Kolding"
"Lene","Christian","Sørensen","Tværvej","Horsens"
"Maria","Jan","Rasmussen","Stationsvej","Vejle"
"Marianne","Martin","Jørgensen","Skovvej","Roskilde"
"Lone","Niels","Petersen","Nørregade","Herning"
"Camilla","Anders","Madsen","Søndergade","Hørsholm"
"Pia","Morten","Kristensen","Skolevej","Helsingør"
"Louise","Jesper","Olsen","Mosevej","Silkeborg"
"Charlotte","Mads","Thomsen","Syrenvej","Næstved"
"Tina","Rasmus","Christiansen","Skovbrynet","Fredericia"
"Gitte","Hans","Poulsen","Mågevej","Viborg"
"Bente","Per","Johansen","Nyvej","Køge"
"Jette","Jørgen","Møller","Skolegade","Holstebro"
"Karen","Ole","Mortensen","Nygade","Taastrup"
